,Clusters,COUNTY
0,0.0,kenosha
1,1.0,lafayette
2,0.0,rock
3,0.0,walworth
4,1.0,green
5,0.0,racine
6,0.0,jefferson
7,3.0,waukesha
8,1.0,iowa
9,6.0,milwaukee
10,1.0,grant
11,3.0,dane
12,1.0,crawford
13,1.0,richland
14,0.0,washington
15,0.0,ozaukee
16,0.0,dodge
17,1.0,sauk
18,2.0,columbia
19,1.0,vernon
20,0.0,sheboygan
21,0.0,fond du lac
22,2.0,marquette
23,2.0,green lake
24,1.0,la crosse
25,4.0,monroe
26,2.0,waushara
27,4.0,juneau
28,4.0,adams
29,0.0,winnebago
30,0.0,calumet
31,0.0,manitowoc
32,0.0,outagamie
33,4.0,jackson
34,1.0,trempealeau
35,1.0,buffalo
36,2.0,wood
37,2.0,waupaca
38,2.0,portage
39,3.0,brown
40,2.0,pepin
41,0.0,kewaunee
42,2.0,eau claire
43,1.0,pierce
44,2.0,shawano
45,2.0,clark
46,2.0,marathon
47,,menominee
48,2.0,dunn
49,1.0,saint croix
50,2.0,chippewa
51,0.0,door
52,5.0,taylor
53,2.0,oconto
54,5.0,langlade
55,5.0,lincoln
56,2.0,rusk
57,1.0,barron
58,1.0,polk
59,5.0,marinette
60,5.0,oneida
61,5.0,price
62,5.0,florence
63,5.0,forest
64,5.0,sawyer
65,5.0,washburn
66,5.0,burnett
67,5.0,vilas
68,5.0,iron
69,5.0,douglas
70,5.0,bayfield
71,5.0,ashland
